"","INCOME_GRP","biomass_crop","biomass_pasture","area_crop","area_pasture","total_area","total_biomass","density_crop","density_pasture"
"1","1. High income: OECD",337170069.703681,209748424.186535,456032799.208597,471800599.059568,927833398.268165,546918493.890216,0.739354867213079,0.444570067534088
"2","2. High income: nonOECD",4932766.13190947,8634371.31024411,6681995.24188987,4871756.66135476,11553751.9032446,13567137.4421536,0.73821754630797,1.77233222232471
"3","3. Upper middle income",750446216.733805,1124063558.93336,829439736.393749,843323753.296481,1672763489.69023,1874509775.66717,0.904762798074526,1.3328968317796
"4","4. Lower middle income",728901028.760266,895298095.146403,410977369.86914,272226265.501728,683203635.370868,1624199123.90667,1.77357947711904,3.28880129731905
"5","5. Low income",1246140435.9302,1583368051.98918,163427111.051767,284490766.251098,447917877.302866,2829508487.91938,7.62505332138847,5.56562194567559
"6",NA,10980751.765444,48536616.7788559,3767995.31064273,12010987.643062,15778982.9537048,59517368.5442999,2.91421587878011,4.041017959659
